難易度,体験,入塾,満足,経理,総合スコア,ランク,退塾数,動員合計,入退差,最終デッキ,削除カード
pro,36,36,13,20,8,A,2,36,34,"プロジェクター授業, 生徒面談の基本, 未入金家庭へ電話, 保護者説明会, 振込用紙印刷, 校門前ビラ配り, プロジェクター授業, できるまで居残り！","問合対応の基本, 問合対応の基本, 生徒面談の基本, 元塾生に講習案内, 質問対応の基本, 経理精算の基本, 質問対応の基本, 経理精算の基本, できるまで居残り！"
fresh,30,28,14,16,9.8,S+,1,30,27,"ここが出る！テスト対策, 努力の結晶 合格実績掲示, 差し入れ経費精算, 教室清掃, 褒めて励ます授業, 学力確認＆向上 公開模試, ここが出る！テスト対策, 備品注文","経理精算の基本, 問合対応の基本, 経理精算の基本, 生徒面談の基本, 質問対応の基本, 生徒面談の基本, 問合対応の基本, 質問対応の基本, 元塾生に講習案内"
pro,33,33,26,11,4,C,4,33,29,"経理精算の基本, 兄弟紹介, 入塾手続きのご案内, 苦手発見！質問対応, ごほうび差し入れスイーツ, チラシ折り, 学力確認＆向上 公開模試, 宿題チェック, 設問の急所は？教材研究, 卒業生からの手紙, 兄弟紹介","質問対応の基本, 質問対応の基本, 問合対応の基本, 問合対応の基本, 生徒面談の基本, 経理精算の基本, 生徒面談の基本, 校門前ビラ配り, ごほうび差し入れスイーツ"
pro,27,27,20,16,9,A,0,27,27,"休み時間トーク, 元塾生に講習案内, 兄弟紹介, 苦手発見！質問対応, 兄弟紹介, 進学相談フェア出展, 入塾後の未来へ 進路説明会, 機材故障は本部に相談, 学力確認＆向上 公開模試, 設問の急所は？教材研究, 笑顔伝わる教室通信, 宿題チェック","質問対応の基本, 質問対応の基本, 経理精算の基本, 生徒面談の基本, 経理精算の基本, 生徒面談の基本, 問合対応の基本, 問合対応の基本, 私も載ったよ！成績UP掲示"
pro,35,18,31,25,8,A,0,35,18,"卒業生からの手紙, 設問の急所は？教材研究, 設問の急所は？教材研究, 苦手発見！質問対応, 締切間近の書類リマインド, 兄弟紹介, 校門前ビラ配り, 今だけ！体験生特典, 日々の出迎え, できるまで居残り！, 未入金家庭へ電話","質問対応の基本, 質問対応の基本, 生徒面談の基本, 生徒面談の基本, 問合対応の基本, 問合対応の基本, 経理精算の基本, 経理精算の基本, 保護者面談"
pro,29,22,22,14,7,B+,1,29,21,"卒業生からの手紙, 兄弟紹介, 学力確認＆向上 公開模試, ごほうび差し入れスイーツ, 締切間近の書類リマインド, 休み時間トーク, 季節のデコレーション, テスト予想問題的中！, ごほうび差し入れスイーツ, チラシ折り, 季節のデコレーション, 教室清掃","質問対応の基本, 質問対応の基本, 生徒面談の基本, 生徒面談の基本, 経理精算の基本, 問合対応の基本, 問合対応の基本, 校門前ビラ配り, 経理精算の基本, 友人紹介, 設問の急所は？教材研究, 兄弟紹介"
pro,37,24,25,27,9,A,0,37,24,"日々の出迎え, 努力の結晶 合格実績掲示, 季節のデコレーション, 入塾後の未来へ 進路説明会, 提出書類ファイリング, テスト予想問題的中！, 未入金家庭へ電話","質問対応の基本, 質問対応の基本, 生徒面談の基本, 生徒面談の基本, 経理精算の基本, 問合対応の基本, 経理精算の基本, 問合対応の基本, 元塾生に講習案内, 補習大会"
pro,31,31,16,12,5,B,3,31,28,"今だけ！体験生特典, プロジェクター授業, チラシ折り, 季節のデコレーション, 友人紹介, 兄弟紹介, 休み時間トーク, 入塾手続きのご案内","生徒面談の基本, 経理精算の基本, 問合対応の基本, 質問対応の基本, 生徒面談の基本, 質問対応の基本, 問合対応の基本, 日々の出迎え, 経理精算の基本, ごほうび差し入れスイーツ"
pro,35,25,33,19,9,A,0,35,25,"チラシ折り, 機材故障は本部に相談, 兄弟紹介, 締切間近の書類リマインド, 進学相談フェア出展, テスト予想問題的中！, チラシ折り, 苦手発見！質問対応, 卒業生からの手紙, 入塾手続きのご案内, 卒業生からの手紙","問合対応の基本, 問合対応の基本, 質問対応の基本, 質問対応の基本, 生徒面談の基本, 生徒面談の基本, 経理精算の基本, 経理精算の基本, 備品注文, 補習大会, 兄弟紹介, 季節のデコレーション, 友人紹介"
pro,34,19,36,17,9,A,0,34,19,"休み時間トーク, 苦手発見！質問対応, チラシ折り, 友人紹介, 私も載ったよ！成績UP掲示, スタンプ帳キャンペーン, 人気の秘密は？他塾研究, 保護者説明会, 卒業生からの手紙, 笑顔伝わる教室通信, 入塾手続きのご案内","問合対応の基本, 問合対応の基本, 質問対応の基本, 質問対応の基本, 生徒面談の基本, 生徒面談の基本, 経理精算の基本, 経理精算の基本, 校門前ビラ配り, 事務リーダー1日派遣, 季節のデコレーション"
pro,54,9,20,19,6,B,0,54,9,"友人紹介, 学力確認＆向上 公開模試, 進学相談フェア出展, 校門前ビラ配り, 進学相談フェア出展, チラシ折り, 元塾生に講習案内, 機材故障は本部に相談","質問対応の基本, 質問対応の基本, 経理精算の基本, 生徒面談の基本, 問合対応の基本, 問合対応の基本, 生徒面談の基本, 経理精算の基本, 事務リーダー1日派遣"
pro,35,28,25,14,9,A,1,35,27,"宿題チェック, スタンプ帳キャンペーン, 機材故障は本部に相談, 校門前ビラ配り, プロジェクター授業, 友人紹介, 進学相談フェア出展, 校門前ビラ配り","質問対応の基本, 経理精算の基本, 質問対応の基本, 生徒面談の基本, 生徒面談の基本, 問合対応の基本, 経理精算の基本, 問合対応の基本, プロジェクター授業"
fresh,25,19,22,21,8.9,S,0,25,19,"教室清掃, 心を掴む1日見学, 学力確認＆向上 公開模試, 休み時間トーク, 元塾生に講習案内, 入塾後の未来へ 進路説明会, 兄弟紹介, 質問対応の基本","質問対応の基本, 生徒面談の基本, 問合対応の基本, 生徒面談の基本, 経理精算の基本, 経理精算の基本, 問合対応の基本, 未入金家庭へ電話, ポスティング"
pro,37,32,23,14,8,A,1,37,31,"兄弟紹介, 兄弟紹介, 振込用紙印刷, 機材故障は本部に相談, 入塾後の未来へ 進路説明会, 学力確認＆向上 公開模試, 苦手発見！質問対応, 校門前ビラ配り","質問対応の基本, 生徒面談の基本, 経理精算の基本, 質問対応の基本, 生徒面談の基本, 問合対応の基本, 問合対応の基本, 褒めて励ます授業, 経理精算の基本"
fresh,19,16,19,11,4,C,4,19,12,"補習大会, 振込用紙印刷, プロジェクター授業, できるまで居残り！, 事務リーダー1日派遣, スタンプ帳キャンペーン, 兄弟紹介, ポスティング","質問対応の基本, 生徒面談の基本, 経理精算の基本, 問合対応の基本, 経理精算の基本, 問合対応の基本, 質問対応の基本, 生徒面談の基本, 褒めて励ます授業"
fresh,24,15,13,12,3,D,5,24,10,"事務リーダー1日派遣, 補習大会, 質問対応の基本, 生徒面談の基本, 努力の結晶 合格実績掲示, 質問対応の基本, 兄弟紹介, 生徒面談の基本","元塾生に講習案内, 経理精算の基本, ポスティング, 教室清掃, 保護者面談, 問合対応の基本, 問合対応の基本, 苦手発見！質問対応, 経理精算の基本"
fresh,18,17,19,12,7,A,3,18,14,"日々の授業, スタンプ帳キャンペーン, 事務リーダー1日派遣, 兄弟紹介, 入塾後の未来へ 進路説明会, 補習大会, ここが出る！テスト対策, 元塾生に講習案内","質問対応の基本, 問合対応の基本, 生徒面談の基本, 経理精算の基本, 質問対応の基本, 生徒面談の基本, 経理精算の基本, 問合対応の基本, 日々の出迎え"
fresh,23,21,20,17,9.1,S+,0,23,21,"校門前ビラ配り, 入塾後の未来へ 進路説明会, ここが出る！テスト対策, 友人紹介, 差し入れ経費精算, 入塾後の未来へ 進路説明会, 友人紹介, 元塾生に講習案内","問合対応の基本, 質問対応の基本, 問合対応の基本, 経理精算の基本, 経理精算の基本, 生徒面談の基本, 質問対応の基本, 生徒面談の基本, 振込用紙印刷"
fresh,26,25,13,3,3,D,14,26,11,"入塾後の未来へ 進路説明会, 入塾後の未来へ 進路説明会, 心を掴む1日見学, 質問対応の基本, ポスティング, 日々の授業, 苦手発見！質問対応, 笑顔伝わるお便り配布","経理精算の基本, 経理精算の基本, 問合対応の基本, 問合対応の基本, 生徒面談の基本, 質問対応の基本, 生徒面談の基本, 校門前ビラ配り, できるまで居残り！"
pro,30,23,35,11,3,C,4,30,19,"赤字覚悟！？ 大抽選会, 事務リーダー1日派遣, 日々の授業, 褒めて励ます授業, 友人紹介, スタンプ帳キャンペーン, スタンプ帳キャンペーン, 苦手発見！質問対応, 保護者面談","質問対応の基本, 経理精算の基本, 経理精算の基本, 質問対応の基本, 問合対応の基本, 生徒面談の基本, 問合対応の基本, 生徒面談の基本, 人気の秘密は？他塾研究"
fresh,27,19,15,5,2,D,10,27,9,"事務リーダー1日派遣, 日々の授業, 校門前ビラ配り, ここが出る！テスト対策, スタンプ帳キャンペーン, 今だけ！体験生特典, 心を掴む1日見学, 教室清掃","経理精算の基本, 経理精算の基本, 生徒面談の基本, 生徒面談の基本, 質問対応の基本, 振込用紙印刷, 質問対応の基本, 問合対応の基本, 問合対応の基本"
pro,43,29,15,30,10,A+,0,43,29,"友人紹介, 教室清掃, チラシ折り, 学力確認＆向上 公開模試, 努力の結晶 合格実績掲示, 進学相談フェア出展, 振込用紙印刷, 未入金家庭へ電話","質問対応の基本, 経理精算の基本, 生徒面談の基本, 生徒面談の基本, 問合対応の基本, 問合対応の基本, 経理精算の基本, 質問対応の基本, チラシ折り"
pro,43,35,15,14,10,A+,1,43,34,"今だけ！体験生特典, 入塾手続きのご案内, 褒めて励ます授業, 元塾生に講習案内, 保護者説明会, 保護者説明会, 学力確認＆向上 公開模試, 振込用紙印刷","質問対応の基本, 問合対応の基本, 質問対応の基本, 生徒面談の基本, 経理精算の基本, 生徒面談の基本, 問合対応の基本, 経理精算の基本, 苦手発見！質問対応"
pro,44,38,24,13,9,A,2,44,36,"苦手発見！質問対応, できるまで居残り！, 提出書類ファイリング, テスト予想問題的中！, 今だけ！体験生特典, 学力確認＆向上 公開模試, 季節のデコレーション","問合対応の基本, 生徒面談の基本, 問合対応の基本, 質問対応の基本, 経理精算の基本, 生徒面談の基本, 経理精算の基本, 質問対応の基本, 校門前ビラ配り, チラシ折り"
pro,23,22,25,17,8,A,0,23,22,"苦手発見！質問対応, 入塾後の未来へ 進路説明会, 褒めて励ます授業, テスト予想問題的中！, 保護者説明会, 日々の授業, 友人紹介, 生徒面談の基本","質問対応の基本, 生徒面談の基本, 問合対応の基本, 問合対応の基本, 元塾生に講習案内, 質問対応の基本, 事務リーダー1日派遣, 経理精算の基本, 経理精算の基本"
pro,42,29,16,19,10,A+,0,42,29,"教室清掃, チラシ折り, 今だけ！体験生特典, 振込用紙印刷, 苦手発見！質問対応, 進学相談フェア出展, 振込用紙印刷, 入塾手続きのご案内","経理精算の基本, 質問対応の基本, 問合対応の基本, 経理精算の基本, 生徒面談の基本, 問合対応の基本, 質問対応の基本, 生徒面談の基本, 努力の結晶 合格実績掲示"
pro,30,30,25,20,10,A+,0,30,30,"入塾後の未来へ 進路説明会, スタンプ帳キャンペーン, 宿題チェック, 友人紹介, 機材故障は本部に相談, スタンプ帳キャンペーン, 振込用紙印刷, 生徒面談の基本","問合対応の基本, 生徒面談の基本, 質問対応の基本, 問合対応の基本, 質問対応の基本, 経理精算の基本, 学力確認＆向上 公開模試, 経理精算の基本, 校門前ビラ配り"
fresh,35,29,16,12,7,A,3,35,26,"ここが出る！テスト対策, 経理精算の基本, 質問対応の基本, 保護者説明会, 日々の授業, 学力確認＆向上 公開模試, 兄弟紹介, 質問対応の基本","経理精算の基本, 問合対応の基本, 問合対応の基本, 生徒面談の基本, 生徒面談の基本, 保護者面談, 事務リーダー1日派遣, 校門前ビラ配り, 苦手発見！質問対応"
pro,43,34,19,12,6,B,3,43,31,"苦手発見！質問対応, 宿題チェック, 兄弟紹介, 入塾手続きのご案内, 元塾生に講習案内, 入塾後の未来へ 進路説明会, 努力の結晶 合格実績掲示, できるまで居残り！","問合対応の基本, 経理精算の基本, 質問対応の基本, 質問対応の基本, 生徒面談の基本, 生徒面談の基本, 経理精算の基本, 問合対応の基本, 休み時間トーク"
pro,43,30,21,16,10,A+,0,43,30,"宿題チェック, 今だけ！体験生特典, 教室清掃, 褒めて励ます授業, 兄弟紹介, 入塾後の未来へ 進路説明会, 苦手発見！質問対応, 経理精算の基本","問合対応の基本, 質問対応の基本, 生徒面談の基本, 経理精算の基本, 生徒面談の基本, 質問対応の基本, 問合対応の基本, ごほうび差し入れスイーツ, チラシ折り"
pro,51,46,11,18,7,B+,4,51,42,"テスト予想問題的中！, 今だけ！体験生特典, テスト予想問題的中！, 宿題チェック, 締切間近の書類リマインド","生徒面談の基本, 生徒面談の基本, 質問対応の基本, 経理精算の基本, 質問対応の基本, 経理精算の基本, 問合対応の基本, 問合対応の基本, チラシ折り, 今だけ！体験生特典, 友人紹介, 振込用紙印刷"
pro,32,23,38,22,10,A+,0,32,23,"赤字覚悟！？ 大抽選会, できるまで居残り！, 学力確認＆向上 公開模試, 機材故障は本部に相談, 校門前ビラ配り, 振込用紙印刷, 宿題チェック, 教室清掃","質問対応の基本, 質問対応の基本, 生徒面談の基本, 生徒面談の基本, 問合対応の基本, 問合対応の基本, 経理精算の基本, 経理精算の基本, 笑顔伝わる教室通信"
pro,33,33,40,13,9,A,2,33,31,"振込用紙印刷, 保護者面談, 学力確認＆向上 公開模試, 締切間近の書類リマインド, 赤字覚悟！？ 大抽選会, 休み時間トーク, テスト予想問題的中！, できるまで居残り！","経理精算の基本, 生徒面談の基本, 経理精算の基本, 質問対応の基本, 生徒面談の基本, 問合対応の基本, 問合対応の基本, 未入金家庭へ電話, 質問対応の基本"
pro,52,17,16,23,8,A,0,52,17,"ごほうび差し入れスイーツ, できるまで居残り！, 補習大会, 入塾手続きのご案内, 経理精算の基本, 学力確認＆向上 公開模試, チラシ折り, 休み時間トーク, 機材故障は本部に相談","経理精算の基本, 質問対応の基本, 生徒面談の基本, 質問対応の基本, 生徒面談の基本, 問合対応の基本, 問合対応の基本, チラシ折り, 努力の結晶 合格実績掲示"
fresh,18,18,25,14,8.6,S,1,18,17,"振込用紙印刷, 質問対応の基本, 経理精算の基本, 差し入れ経費精算, 入塾後の未来へ 進路説明会, 兄弟紹介, 教室清掃, 備品注文","生徒面談の基本, 経理精算の基本, 生徒面談の基本, 保護者面談, 質問対応の基本, 問合対応の基本, 今だけ！体験生特典, 問合対応の基本, スタンプ帳キャンペーン"
fresh,31,22,20,16,9.3,S+,0,31,22,"質問対応の基本, 兄弟紹介, 元塾生に講習案内, 学力確認＆向上 公開模試, 保護者説明会, ここが出る！テスト対策, 質問対応の基本, 締切間近の書類リマインド","経理精算の基本, 経理精算の基本, 生徒面談の基本, 生徒面談の基本, 休み時間トーク, 問合対応の基本, 事務リーダー1日派遣, 問合対応の基本, 校門前ビラ配り"
fresh,43,32,11,6,4,C,13,43,19,"機材故障は本部に相談, 笑顔伝わるお便り配布, 日々の出迎え, 機材故障は本部に相談, 質問対応の基本, 元塾生に講習案内, 兄弟紹介, 質問対応の基本","経理精算の基本, 経理精算の基本, 生徒面談の基本, 生徒面談の基本, 問合対応の基本, 問合対応の基本, ポスティング, 今だけ！体験生特典, プロジェクター授業"
fresh,24,24,21,17,9.3,S+,0,24,24,"締切間近の書類リマインド, 友人紹介, 問合対応の基本, 学力確認＆向上 公開模試, 質問対応の基本, 笑顔伝わるお便り配布, 振込用紙印刷, 備品注文","経理精算の基本, 生徒面談の基本, 生徒面談の基本, 問合対応の基本, 経理精算の基本, 事務リーダー1日派遣, 質問対応の基本, 休み時間トーク, スタンプ帳キャンペーン"
fresh,34,15,22,17,8.8,S,0,34,15,"ポスティング, 笑顔伝わるお便り配布, 今だけ！体験生特典, 質問対応の基本, 未入金家庭へ電話, 心を掴む1日見学, 笑顔伝わるお便り配布, ポスティング","経理精算の基本, 経理精算の基本, 生徒面談の基本, 生徒面談の基本, 質問対応の基本, 問合対応の基本, 事務リーダー1日派遣, 日々の出迎え, 問合対応の基本"
fresh,23,18,26,16,8.8,S,0,23,18,"テレビCM放映, 差し入れ経費精算, 元塾生に講習案内, 兄弟紹介, 教室清掃, 日々の授業, 校門前ビラ配り, 差し入れ経費精算","問合対応の基本, 質問対応の基本, 経理精算の基本, 問合対応の基本, 経理精算の基本, 生徒面談の基本, 質問対応の基本, 赤字覚悟！？ 大抽選会, 生徒面談の基本"
fresh,29,29,20,15,9.9,S+,0,29,29,"ここが出る！テスト対策, 学力確認＆向上 公開模試, スタンプ帳キャンペーン, 備品注文, 入塾後の未来へ 進路説明会, 元塾生に講習案内, 苦手発見！質問対応, できるまで居残り！","経理精算の基本, 生徒面談の基本, 質問対応の基本, 経理精算の基本, 問合対応の基本, 質問対応の基本, 提出書類チェック, 生徒面談の基本, 問合対応の基本"
fresh,23,23,16,16,9.2,S+,0,23,23,"兄弟紹介, 今だけ！体験生特典, 備品注文, 提出書類チェック, 日々の授業, 兄弟紹介, 苦手発見！質問対応, 質問対応の基本","経理精算の基本, 質問対応の基本, 問合対応の基本, 生徒面談の基本, 生徒面談の基本, 問合対応の基本, 事務リーダー1日派遣, 経理精算の基本, スタンプ帳キャンペーン"
pro,28,23,17,20,8,A,0,28,23,"友人紹介, 保護者説明会, 人気の秘密は？他塾研究, 保護者説明会, 季節のデコレーション, 学力確認＆向上 公開模試, 締切間近の書類リマインド, 苦手発見！質問対応, 設問の急所は？教材研究, 友人紹介, 卒業生からの手紙, 人気の秘密は？他塾研究, 休み時間トーク, 兄弟紹介","質問対応の基本, 質問対応の基本, 問合対応の基本, 問合対応の基本, 生徒面談の基本, 生徒面談の基本, 経理精算の基本, 経理精算の基本, 校門前ビラ配り, 未入金家庭へ電話, 褒めて励ます授業"
pro,35,27,28,21,10,A+,0,35,27,"季節のデコレーション, 入塾手続きのご案内, 日々の出迎え, 学力確認＆向上 公開模試, 卒業生からの手紙, 未入金家庭へ電話","質問対応の基本, 質問対応の基本, 生徒面談の基本, 生徒面談の基本, 問合対応の基本, 経理精算の基本, 問合対応の基本, 経理精算の基本, チラシ折り, 笑顔伝わる教室通信, 元塾生に講習案内, 締切間近の書類リマインド, 苦手発見！質問対応"
pro,27,27,28,26,10,A+,0,27,27,"学力確認＆向上 公開模試, 学力確認＆向上 公開模試, 機材故障は本部に相談, 宿題チェック, 締切間近の書類リマインド, 締切間近の書類リマインド","質問対応の基本, 質問対応の基本, 生徒面談の基本, 生徒面談の基本, 経理精算の基本, 経理精算の基本, 備品注文, 問合対応の基本, 問合対応の基本, 校門前ビラ配り, 教室清掃"
fresh,31,24,24,14,9.4,S+,1,31,23,"褒めて励ます授業, 差し入れ経費精算, 赤字覚悟！？ 大抽選会, ここが出る！テスト対策, 元塾生に講習案内, 学力確認＆向上 公開模試, 苦手発見！質問対応, 締切間近の書類リマインド","問合対応の基本, 質問対応の基本, 経理精算の基本, 生徒面談の基本, 問合対応の基本, 経理精算の基本, 質問対応の基本, ポスティング, 生徒面談の基本"
pro,38,14,29,25,6,B,0,38,14,"学力確認＆向上 公開模試, チラシ折り, 機材故障は本部に相談, 日々の出迎え, 締切間近の書類リマインド, 教室清掃","質問対応の基本, 質問対応の基本, 生徒面談の基本, 生徒面談の基本, 問合対応の基本, 問合対応の基本, 経理精算の基本, 経理精算の基本, 事務リーダー1日派遣, 保護者説明会, 校門前ビラ配り"
fresh,32,30,22,18,10,S+,0,32,30,"褒めて励ます授業, 笑顔伝わるお便り配布, ここが出る！テスト対策, 学力確認＆向上 公開模試, 元塾生に講習案内, 入塾後の未来へ 進路説明会, ポスティング, 笑顔伝わるお便り配布","質問対応の基本, 生徒面談の基本, 経理精算の基本, 質問対応の基本, 経理精算の基本, 問合対応の基本, 問合対応の基本, 生徒面談の基本, 差し入れ経費精算"
pro,31,31,13,16,7,B+,2,31,29,"チラシ折り, 卒業生からの手紙, 今だけ！体験生特典, ごほうび差し入れスイーツ, 入塾手続きのご案内, 宿題チェック, 補習大会, 休み時間トーク, できるまで居残り！","生徒面談の基本, 問合対応の基本, 問合対応の基本, 生徒面談の基本, 質問対応の基本, 質問対応の基本, 経理精算の基本, 経理精算の基本, 笑顔伝わる教室通信, 季節のデコレーション"
pro,33,24,37,21,10,A+,0,33,24,"日々の出迎え, 校門前ビラ配り, 設問の急所は？教材研究, 校門前ビラ配り, 笑顔伝わる教室通信, 入塾後の未来へ 進路説明会, 学力確認＆向上 公開模試, 未入金家庭へ電話","質問対応の基本, 質問対応の基本, 生徒面談の基本, 生徒面談の基本, 問合対応の基本, 経理精算の基本, 保護者説明会, 問合対応の基本, 経理精算の基本"
pro,50,26,26,14,10,A+,1,50,25,"進学相談フェア出展, 今だけ！体験生特典, 進学相談フェア出展, 締切間近の書類リマインド","質問対応の基本, 経理精算の基本, 生徒面談の基本, 質問対応の基本, 問合対応の基本, 経理精算の基本, 生徒面談の基本, 問合対応の基本, 校門前ビラ配り, 宿題チェック, 宿題チェック, 入塾後の未来へ 進路説明会, 季節のデコレーション"
pro,43,35,33,12,8,A,3,43,32,"進学相談フェア出展, チラシ折り, 学力確認＆向上 公開模試, 教室清掃","質問対応の基本, 質問対応の基本, 経理精算の基本, 経理精算の基本, 生徒面談の基本, 問合対応の基本, 生徒面談の基本, 問合対応の基本, 元塾生に講習案内, 褒めて励ます授業, 事務リーダー1日派遣, 兄弟紹介, 季節のデコレーション"
pro,43,41,26,13,10,A+,2,43,39,"今だけ！体験生特典, 学力確認＆向上 公開模試, 宿題チェック, 笑顔伝わる教室通信, 締切間近の書類リマインド","質問対応の基本, 質問対応の基本, 経理精算の基本, 経理精算の基本, 問合対応の基本, 問合対応の基本, 生徒面談の基本, 備品注文, 保護者面談, 生徒面談の基本, 締切間近の書類リマインド, 友人紹介"
pro,18,14,27,33,4,C,0,18,14,"教室清掃, テスト予想問題的中！, 笑顔伝わる教室通信, ごほうび差し入れスイーツ, 季節のデコレーション, 卒業生からの手紙, 卒業生からの手紙, 教室清掃, 休み時間トーク, 締切間近の書類リマインド, 休み時間トーク","質問対応の基本, 質問対応の基本, 生徒面談の基本, 生徒面談の基本, 経理精算の基本, 問合対応の基本, 問合対応の基本, 経理精算の基本, 振込用紙印刷, ごほうび差し入れスイーツ"
pro,36,31,31,19,10,A+,0,36,31,"休み時間トーク, 学力確認＆向上 公開模試, 提出書類ファイリング, 笑顔伝わる教室通信, 季節のデコレーション, 兄弟紹介, チラシ折り, 苦手発見！質問対応, 卒業生からの手紙, 締切間近の書類リマインド","質問対応の基本, 質問対応の基本, 経理精算の基本, 生徒面談の基本, 問合対応の基本, 生徒面談の基本, 問合対応の基本, 経理精算の基本, 季節のデコレーション"
pro,40,39,31,13,10,A+,2,40,37,"スタンプ帳キャンペーン, 教室清掃, 宿題チェック, スタンプ帳キャンペーン, 今だけ！体験生特典, 日々の出迎え, 学力確認＆向上 公開模試, 提出書類ファイリング","質問対応の基本, 質問対応の基本, 経理精算の基本, 経理精算の基本, 問合対応の基本, 生徒面談の基本, 問合対応の基本, 生徒面談の基本, 教室清掃"
pro,45,17,30,19,8,A,0,45,17,"スタンプ帳キャンペーン, 保護者説明会, 休み時間トーク, チラシ折り, 進学相談フェア出展, 宿題チェック, 努力の結晶 合格実績掲示, 未入金家庭へ電話","質問対応の基本, 質問対応の基本, 経理精算の基本, 経理精算の基本, 生徒面談の基本, 生徒面談の基本, 問合対応の基本, 問合対応の基本, 事務リーダー1日派遣"
pro,40,38,28,16,12,S,0,40,38,"兄弟紹介, 提出書類ファイリング, チラシ折り, 保護者説明会, 入塾後の未来へ 進路説明会, 学力確認＆向上 公開模試, 締切間近の書類リマインド","質問対応の基本, 質問対応の基本, 生徒面談の基本, 生徒面談の基本, 問合対応の基本, 経理精算の基本, 問合対応の基本, 経理精算の基本, 進学相談フェア出展, 日々の出迎え"
pro,50,30,19,16,11,A+,0,50,30,"私も載ったよ！成績UP掲示, チラシ折り, 経理精算の基本, 学力確認＆向上 公開模試, 入塾手続きのご案内, 今だけ！体験生特典, チラシ折り, 未入金家庭へ電話","質問対応の基本, 生徒面談の基本, テスト予想問題的中！, 質問対応の基本, 経理精算の基本, 問合対応の基本, 問合対応の基本, 生徒面談の基本, 日々の出迎え"
pro,35,30,18,36,9,A,0,35,30,"教室清掃, 教室清掃, 学力確認＆向上 公開模試, 季節のデコレーション, 元塾生に講習案内, 提出書類ファイリング, 学力確認＆向上 公開模試, 入塾手続きのご案内","質問対応の基本, 質問対応の基本, 生徒面談の基本, 生徒面談の基本, 問合対応の基本, 経理精算の基本, 保護者面談, 問合対応の基本, 経理精算の基本"
pro,45,41,17,19,12,S,0,45,41,"振込用紙印刷, チラシ折り, 機材故障は本部に相談, 学力確認＆向上 公開模試, チラシ折り, 学力確認＆向上 公開模試, 機材故障は本部に相談","質問対応の基本, 質問対応の基本, 生徒面談の基本, 生徒面談の基本, 経理精算の基本, 問合対応の基本, 問合対応の基本, 経理精算の基本, 季節のデコレーション, 兄弟紹介"
pro,38,31,24,21,9,A,0,38,31,"機材故障は本部に相談, 友人紹介, 季節のデコレーション, できるまで居残り！, スタンプ帳キャンペーン, 今だけ！体験生特典, 宿題チェック, 休み時間トーク, 未入金家庭へ電話","質問対応の基本, 質問対応の基本, 生徒面談の基本, 生徒面談の基本, 経理精算の基本, 経理精算の基本, 問合対応の基本, 問合対応の基本, 今だけ！体験生特典, 補習大会, 休み時間トーク"
pro,45,36,28,16,12,S,0,45,36,"入塾手続きのご案内, 学力確認＆向上 公開模試, 機材故障は本部に相談","質問対応の基本, 質問対応の基本, 生徒面談の基本, 生徒面談の基本, 経理精算の基本, 経理精算の基本, 問合対応の基本, 問合対応の基本, 休み時間トーク, 季節のデコレーション, 校門前ビラ配り, 校門前ビラ配り, 笑顔伝わる教室通信, 学力確認＆向上 公開模試, 締切間近の書類リマインド"
pro,34,21,36,15,10,A+,0,34,21,"補習大会, 苦手発見！質問対応, 休み時間トーク, チラシ折り, できるまで居残り！, 生徒面談の基本, 未入金家庭へ電話, テスト予想問題的中！, 入塾後の未来へ 進路説明会, 兄弟紹介, 校門前ビラ配り","質問対応の基本, 質問対応の基本, 経理精算の基本, 生徒面談の基本, 問合対応の基本, 問合対応の基本, 経理精算の基本, 未入金家庭へ電話, 卒業生からの手紙"
pro,43,28,30,16,11,A+,0,43,28,"学力確認＆向上 公開模試, 未入金家庭へ電話, 私も載ったよ！成績UP掲示, 機材故障は本部に相談, 締切間近の書類リマインド","生徒面談の基本, 生徒面談の基本, 経理精算の基本, 経理精算の基本, 質問対応の基本, 日々の出迎え, 問合対応の基本, 問合対応の基本, 質問対応の基本, 今だけ！体験生特典, チラシ折り, チラシ折り, 設問の急所は？教材研究"
pro,39,23,31,21,9,A,0,39,23,"今だけ！体験生特典, テスト予想問題的中！, テスト予想問題的中！, 提出書類ファイリング, 補習大会, 休み時間トーク, できるまで居残り！, 事務リーダー1日派遣, 進学相談フェア出展, 保護者面談, 教室清掃","質問対応の基本, 質問対応の基本, 生徒面談の基本, 生徒面談の基本, 経理精算の基本, 問合対応の基本, 問合対応の基本, 経理精算の基本, 苦手発見！質問対応, 締切間近の書類リマインド"
pro,48,39,16,12,7,B+,3,48,36,"補習大会, 締切間近の書類リマインド, 学力確認＆向上 公開模試, 機材故障は本部に相談, 学力確認＆向上 公開模試, 提出書類ファイリング, 兄弟紹介, 経理精算の基本","質問対応の基本, 質問対応の基本, 経理精算の基本, 生徒面談の基本, 問合対応の基本, 問合対応の基本, 校門前ビラ配り, 生徒面談の基本, 日々の授業"
pro,34,28,27,15,10,A+,0,34,28,"私も載ったよ！成績UP掲示, 入塾後の未来へ 進路説明会, 学力確認＆向上 公開模試, 保護者説明会, 校門前ビラ配り, テスト予想問題的中！, 経理精算の基本, 経理精算の基本","質問対応の基本, 質問対応の基本, 生徒面談の基本, 生徒面談の基本, 問合対応の基本, 問合対応の基本, 元塾生に講習案内, 教室清掃, 褒めて励ます授業"
pro,35,35,26,17,11,A+,0,35,35,"未入金家庭へ電話, 元塾生に講習案内, テレビCM放映, テスト予想問題的中！, 宿題チェック, プロジェクター授業, 設問の急所は？教材研究","質問対応の基本, 質問対応の基本, 生徒面談の基本, 生徒面談の基本, 経理精算の基本, 問合対応の基本, 問合対応の基本, 経理精算の基本, 機材故障は本部に相談, 提出書類ファイリング, 締切間近の書類リマインド"
pro,37,32,20,13,7,B+,2,37,30,"宿題チェック, チラシ折り, 宿題チェック, 季節のデコレーション, 事務リーダー1日派遣, 学力確認＆向上 公開模試, 機材故障は本部に相談, 締切間近の書類リマインド","質問対応の基本, 質問対応の基本, 経理精算の基本, 経理精算の基本, 生徒面談の基本, 問合対応の基本, 問合対応の基本, 生徒面談の基本, 機材故障は本部に相談"
pro,43,20,39,21,11,A+,0,43,20,"私も載ったよ！成績UP掲示, 教室清掃, 学力確認＆向上 公開模試, 入塾手続きのご案内, テレビCM放映, 提出書類ファイリング, 私も載ったよ！成績UP掲示, チラシ折り","質問対応の基本, 質問対応の基本, 生徒面談の基本, 生徒面談の基本, 問合対応の基本, 経理精算の基本, 問合対応の基本, 経理精算の基本, 校門前ビラ配り"
fresh,29,19,27,12,7,A,3,29,16,"備品注文, 経理精算の基本, 保護者面談, 教室清掃, 生徒面談の基本, 入塾後の未来へ 進路説明会, 校門前ビラ配り, 差し入れ経費精算","質問対応の基本, 質問対応の基本, 問合対応の基本, 経理精算の基本, 生徒面談の基本, 問合対応の基本, 努力の結晶 合格実績掲示, 補習大会, 心を掴む1日見学"
pro,43,24,15,30,9,A,0,43,24,"できるまで居残り！, 友人紹介, 入塾手続きのご案内, 学力確認＆向上 公開模試, 締切間近の書類リマインド, 締切間近の書類リマインド, 未入金家庭へ電話","質問対応の基本, 質問対応の基本, 経理精算の基本, 生徒面談の基本, 生徒面談の基本, 問合対応の基本, 経理精算の基本, 問合対応の基本, 休み時間トーク, 備品注文, チラシ折り, 今だけ！体験生特典"
pro,38,36,19,25,10,A+,0,38,36,"学力確認＆向上 公開模試, 笑顔伝わる教室通信, 学力確認＆向上 公開模試, チラシ折り, 笑顔伝わる教室通信, 日々の出迎え, 経理精算の基本, 入塾手続きのご案内","質問対応の基本, 質問対応の基本, 生徒面談の基本, 生徒面談の基本, 問合対応の基本, 問合対応の基本, 元塾生に講習案内, 教室清掃, 経理精算の基本"
fresh,26,16,42,17,8.7,S,0,26,16,"学力確認＆向上 公開模試, 苦手発見！質問対応, できるまで居残り！, 備品注文, 休み時間トーク, テレビCM放映, 私も載ったよ！成績UP掲示, 教室清掃","問合対応の基本, 生徒面談の基本, 生徒面談の基本, 質問対応の基本, 経理精算の基本, 問合対応の基本, 経理精算の基本, 質問対応の基本, ポスティング"
pro,36,31,35,15,11,A+,0,36,31,"未入金家庭へ電話, 入塾手続きのご案内, 宿題チェック, 笑顔伝わる教室通信, 入塾手続きのご案内, 卒業生からの手紙, 学力確認＆向上 公開模試, 提出書類ファイリング, 未入金家庭へ電話","質問対応の基本, 質問対応の基本, 経理精算の基本, 経理精算の基本, 問合対応の基本, 問合対応の基本, 校門前ビラ配り, 生徒面談の基本, 生徒面談の基本"
fresh,37,17,21,15,8.9,S,0,37,17,"締切間近の書類リマインド, 機材故障は本部に相談, 校門前ビラ配り, 教室清掃, 努力の結晶 合格実績掲示, 学力確認＆向上 公開模試, 苦手発見！質問対応, 質問対応の基本","問合対応の基本, 問合対応の基本, 質問対応の基本, 生徒面談の基本, 生徒面談の基本, 経理精算の基本, 元塾生に講習案内, 経理精算の基本, 元塾生に講習案内"
pro,30,30,30,17,10,A+,0,30,30,"校門前ビラ配り, チラシ折り, 学力確認＆向上 公開模試, 笑顔伝わる教室通信, 経理精算の基本, プロジェクター授業, 苦手発見！質問対応, 未入金家庭へ電話","質問対応の基本, 質問対応の基本, 生徒面談の基本, 生徒面談の基本, 問合対応の基本, 経理精算の基本, 元塾生に講習案内, スタンプ帳キャンペーン, 問合対応の基本"
pro,41,40,12,22,7,B+,3,41,37,"備品注文, 未入金家庭へ電話, 機材故障は本部に相談, プロジェクター授業, 学力確認＆向上 公開模試, チラシ折り, 私も載ったよ！成績UP掲示, 振込用紙印刷","生徒面談の基本, 生徒面談の基本, 質問対応の基本, 質問対応の基本, 経理精算の基本, 問合対応の基本, 問合対応の基本, 保護者説明会, 経理精算の基本"
pro,36,35,16,21,10,A+,0,36,35,"保護者説明会, 学力確認＆向上 公開模試, 季節のデコレーション, プロジェクター授業, チラシ折り, 笑顔伝わる教室通信, 未入金家庭へ電話","質問対応の基本, 生徒面談の基本, 生徒面談の基本, 保護者面談, 問合対応の基本, 質問対応の基本, 問合対応の基本, 経理精算の基本, 経理精算の基本, 振込用紙印刷"
pro,40,40,18,18,12,S,0,40,40,"私も載ったよ！成績UP掲示, 赤字覚悟！？ 大抽選会, 未入金家庭へ電話, 宿題チェック, 今だけ！体験生特典, 校門前ビラ配り, できるまで居残り！, 入塾手続きのご案内","質問対応の基本, 質問対応の基本, 生徒面談の基本, 生徒面談の基本, 問合対応の基本, 経理精算の基本, 問合対応の基本, 経理精算の基本, 日々の出迎え"
pro,40,40,24,16,12,S,0,40,40,"苦手発見！質問対応, 学力確認＆向上 公開模試, 学力確認＆向上 公開模試, できるまで居残り！, 機材故障は本部に相談","質問対応の基本, 質問対応の基本, 問合対応の基本, 問合対応の基本, 経理精算の基本, 校門前ビラ配り, 生徒面談の基本, 生徒面談の基本, 経理精算の基本, チラシ折り, 保護者面談, 締切間近の書類リマインド"
pro,41,41,25,23,13,S,0,41,41,"入塾後の未来へ 進路説明会, スタンプ帳キャンペーン, 提出書類ファイリング, できるまで居残り！, 未入金家庭へ電話","質問対応の基本, 質問対応の基本, 生徒面談の基本, 生徒面談の基本, 問合対応の基本, 問合対応の基本, 経理精算の基本, チラシ折り, 友人紹介, 休み時間トーク, 経理精算の基本, 季節のデコレーション, 学力確認＆向上 公開模試"
pro,39,36,17,28,10,A+,0,39,36,"今だけ！体験生特典, 学力確認＆向上 公開模試, 未入金家庭へ電話, 振込用紙印刷, 笑顔伝わる教室通信, 未入金家庭へ電話","質問対応の基本, 質問対応の基本, 生徒面談の基本, 生徒面談の基本, 問合対応の基本, 問合対応の基本, 経理精算の基本, 経理精算の基本, 校門前ビラ配り, 振込用紙印刷, 締切間近の書類リマインド"
pro,34,33,17,34,10,A+,0,34,33,"友人紹介, 友人紹介, 入塾手続きのご案内, 振込用紙印刷, 今だけ！体験生特典, 今だけ！体験生特典, できるまで居残り！, 生徒面談の基本","質問対応の基本, 質問対応の基本, 問合対応の基本, 問合対応の基本, 経理精算の基本, 経理精算の基本, 生徒面談の基本, 提出書類ファイリング, 提出書類ファイリング"
pro,32,30,25,16,10,A+,0,32,30,"入塾手続きのご案内, 日々の出迎え, 学力確認＆向上 公開模試, テスト予想問題的中！, できるまで居残り！, 提出書類ファイリング, 私も載ったよ！成績UP掲示, テスト予想問題的中！, 友人紹介, プロジェクター授業, 休み時間トーク","質問対応の基本, 質問対応の基本, 問合対応の基本, 問合対応の基本, 生徒面談の基本, 経理精算の基本, 経理精算の基本, 設問の急所は？教材研究, 生徒面談の基本"
pro,37,37,19,17,10,A+,0,37,37,"進学相談フェア出展, 宿題チェック, 保護者説明会, 学力確認＆向上 公開模試, テスト予想問題的中！, 私も載ったよ！成績UP掲示, ごほうび差し入れスイーツ, 経理精算の基本, 締切間近の書類リマインド","質問対応の基本, 質問対応の基本, 問合対応の基本, 経理精算の基本, 生徒面談の基本, 問合対応の基本, 事務リーダー1日派遣, 生徒面談の基本, 宿題チェック, 休み時間トーク"
pro,39,38,25,12,7,B+,3,39,35,"プロジェクター授業, 日々の出迎え, 振込用紙印刷, 経理精算の基本, 保護者説明会, 今だけ！体験生特典, 苦手発見！質問対応, 笑顔伝わる教室通信","質問対応の基本, 質問対応の基本, 生徒面談の基本, 生徒面談の基本, 問合対応の基本, 問合対応の基本, 校門前ビラ配り, できるまで居残り！, 経理精算の基本"
pro,42,35,33,16,12,S,0,42,35,"私も載ったよ！成績UP掲示, プロジェクター授業, 季節のデコレーション, 入塾手続きのご案内, チラシ折り, 学力確認＆向上 公開模試, 機材故障は本部に相談","質問対応の基本, 質問対応の基本, 問合対応の基本, 経理精算の基本, 問合対応の基本, 生徒面談の基本, 生徒面談の基本, 経理精算の基本, 校門前ビラ配り, 宿題チェック"
pro,39,35,26,16,11,A+,0,39,35,"未入金家庭へ電話, 締切間近の書類リマインド, 卒業生からの手紙, 教室清掃, 宿題チェック, 学力確認＆向上 公開模試, 休み時間トーク, 私も載ったよ！成績UP掲示, 機材故障は本部に相談","質問対応の基本, 質問対応の基本, 経理精算の基本, 生徒面談の基本, 問合対応の基本, 問合対応の基本, 生徒面談の基本, 経理精算の基本, 保護者面談"
pro,32,26,34,28,10,A+,0,32,26,"学力確認＆向上 公開模試, 宿題チェック, テレビCM放映, 機材故障は本部に相談, 校門前ビラ配り, 提出書類ファイリング, 機材故障は本部に相談, 入塾手続きのご案内","質問対応の基本, 質問対応の基本, 経理精算の基本, 経理精算の基本, 生徒面談の基本, 問合対応の基本, 問合対応の基本, 生徒面談の基本, 私も載ったよ！成績UP掲示"
pro,54,17,17,32,8,A,0,54,17,"赤字覚悟！？ 大抽選会, 提出書類ファイリング, 友人紹介, できるまで居残り！, 今だけ！体験生特典, チラシ折り, 元塾生に講習案内, 未入金家庭へ電話","質問対応の基本, 質問対応の基本, 経理精算の基本, 経理精算の基本, 生徒面談の基本, 問合対応の基本, 問合対応の基本, 生徒面談の基本, 機材故障は本部に相談"
pro,27,27,27,28,10,A+,0,27,27,"兄弟紹介, 学力確認＆向上 公開模試, 機材故障は本部に相談, 入塾後の未来へ 進路説明会, 入塾手続きのご案内, チラシ折り, 褒めて励ます授業, 未入金家庭へ電話","質問対応の基本, 質問対応の基本, 経理精算の基本, 経理精算の基本, 問合対応の基本, 問合対応の基本, 生徒面談の基本, 元塾生に講習案内, 生徒面談の基本"
pro,34,31,35,14,10,A+,1,34,30,"今だけ！体験生特典, 入塾後の未来へ 進路説明会, 振込用紙印刷, 教室清掃","生徒面談の基本, 生徒面談の基本, 質問対応の基本, 質問対応の基本, 経理精算の基本, 問合対応の基本, 問合対応の基本, 校門前ビラ配り, 褒めて励ます授業, 経理精算の基本, 私も載ったよ！成績UP掲示, 友人紹介, 季節のデコレーション"
pro,48,21,22,28,9,A,0,48,21,"チラシ折り, 苦手発見！質問対応, テスト予想問題的中！, 今だけ！体験生特典, テレビCM放映, チラシ折り, 友人紹介, 日々の出迎え","質問対応の基本, 質問対応の基本, 生徒面談の基本, 生徒面談の基本, 問合対応の基本, 問合対応の基本, 経理精算の基本, 経理精算の基本, 未入金家庭へ電話"
pro,50,50,16,15,14,S+,0,50,50,"入塾後の未来へ 進路説明会, 宿題チェック, チラシ折り, 保護者面談, 締切間近の書類リマインド, 入塾手続きのご案内, 学力確認＆向上 公開模試, 笑顔伝わる教室通信","経理精算の基本, 生徒面談の基本, 質問対応の基本, 生徒面談の基本, 経理精算の基本, 問合対応の基本, 問合対応の基本, 質問対応の基本, できるまで居残り！"
pro,25,23,44,13,8,A,2,25,21,"経理精算の基本, 入塾後の未来へ 進路説明会, 兄弟紹介, 今だけ！体験生特典, 褒めて励ます授業, 日々の出迎え, 設問の急所は？教材研究, 保護者面談","生徒面談の基本, 質問対応の基本, 質問対応の基本, 問合対応の基本, 問合対応の基本, 生徒面談の基本, 経理精算の基本, 私も載ったよ！成績UP掲示, 私も載ったよ！成績UP掲示"
pro,35,25,18,30,8,A,0,35,25,"入塾後の未来へ 進路説明会, 私も載ったよ！成績UP掲示, 友人紹介, 学力確認＆向上 公開模試, 機材故障は本部に相談, 提出書類ファイリング, チラシ折り, 入塾手続きのご案内","質問対応の基本, 問合対応の基本, 経理精算の基本, 経理精算の基本, 生徒面談の基本, 生徒面談の基本, 質問対応の基本, 問合対応の基本, 校門前ビラ配り"
pro,28,26,32,20,10,A+,0,28,26,"提出書類ファイリング, 友人紹介, 未入金家庭へ電話, 入塾後の未来へ 進路説明会, 学力確認＆向上 公開模試, 褒めて励ます授業, 保護者面談, 機材故障は本部に相談","経理精算の基本, 質問対応の基本, 生徒面談の基本, 問合対応の基本, 質問対応の基本, 生徒面談の基本, 経理精算の基本, 問合対応の基本, できるまで居残り！"
pro,31,15,26,43,6,B,0,31,15,"ごほうび差し入れスイーツ, 笑顔伝わる教室通信, 提出書類ファイリング, 友人紹介, 機材故障は本部に相談, 今だけ！体験生特典, 努力の結晶 合格実績掲示, 振込用紙印刷","質問対応の基本, 質問対応の基本, 生徒面談の基本, 生徒面談の基本, 経理精算の基本, 経理精算の基本, 問合対応の基本, 問合対応の基本, 保護者面談"
pro,34,28,34,25,10,A+,0,34,28,"入塾後の未来へ 進路説明会, 入塾手続きのご案内, 学力確認＆向上 公開模試, 提出書類ファイリング, 苦手発見！質問対応, チラシ折り, 私も載ったよ！成績UP掲示, 機材故障は本部に相談","経理精算の基本, 経理精算の基本, 生徒面談の基本, 質問対応の基本, 問合対応の基本, 質問対応の基本, 生徒面談の基本, 問合対応の基本, 保護者面談"
pro,34,33,36,15,12,S,0,34,33,"進学相談フェア出展, 学力確認＆向上 公開模試, テスト予想問題的中！, 提出書類ファイリング","問合対応の基本, 質問対応の基本, 生徒面談の基本, 生徒面談の基本, 経理精算の基本, 質問対応の基本, 経理精算の基本, 問合対応の基本, 振込用紙印刷, 校門前ビラ配り, 入塾後の未来へ 進路説明会, 友人紹介, 季節のデコレーション"
pro,25,25,28,25,9,A,0,25,25,"機材故障は本部に相談, 入塾後の未来へ 進路説明会, 保護者面談, 学力確認＆向上 公開模試, できるまで居残り！, 兄弟紹介, 笑顔伝わる教室通信, 備品注文","経理精算の基本, 質問対応の基本, 生徒面談の基本, 生徒面談の基本, 質問対応の基本, 問合対応の基本, 経理精算の基本, 問合対応の基本, 日々の授業"
pro,39,34,23,15,10,A+,0,39,34,"私も載ったよ！成績UP掲示, 私も載ったよ！成績UP掲示, 機材故障は本部に相談, 日々の出迎え, 友人紹介, 今だけ！体験生特典, 学力確認＆向上 公開模試, 宿題チェック","質問対応の基本, 経理精算の基本, 経理精算の基本, 生徒面談の基本, 質問対応の基本, 問合対応の基本, 備品注文, 問合対応の基本, 生徒面談の基本"
pro,32,23,30,24,9,A,0,32,23,"今だけ！体験生特典, 備品注文, 教室清掃, 校門前ビラ配り, 入塾後の未来へ 進路説明会, チラシ折り, 友人紹介, 私も載ったよ！成績UP掲示","質問対応の基本, 問合対応の基本, 生徒面談の基本, 生徒面談の基本, 経理精算の基本, 経理精算の基本, 問合対応の基本, 質問対応の基本, 機材故障は本部に相談"
pro,33,30,21,20,9,A,0,33,30,"チラシ折り, 保護者面談, 入塾後の未来へ 進路説明会, 友人紹介, テスト予想問題的中！, 努力の結晶 合格実績掲示, 苦手発見！質問対応, 入塾手続きのご案内","問合対応の基本, 問合対応の基本, 生徒面談の基本, 生徒面談の基本, 経理精算の基本, 質問対応の基本, 経理精算の基本, 質問対応の基本, 元塾生に講習案内"
pro,38,26,32,21,10,A+,0,38,26,"提出書類ファイリング, 校門前ビラ配り, 入塾手続きのご案内, 学力確認＆向上 公開模試, 学力確認＆向上 公開模試, 宿題チェック, 私も載ったよ！成績UP掲示, 笑顔伝わる教室通信","質問対応の基本, 経理精算の基本, 生徒面談の基本, 生徒面談の基本, 質問対応の基本, 問合対応の基本, 問合対応の基本, 保護者説明会, 経理精算の基本"
pro,40,34,26,17,12,S,0,40,34,"笑顔伝わる教室通信, 校門前ビラ配り, 赤字覚悟！？ 大抽選会, 機材故障は本部に相談, 友人紹介, 学力確認＆向上 公開模試, 保護者面談, 振込用紙印刷","質問対応の基本, 質問対応の基本, 生徒面談の基本, 経理精算の基本, 問合対応の基本, 問合対応の基本, 生徒面談の基本, 経理精算の基本, できるまで居残り！"
pro,40,30,21,17,10,A+,0,40,30,"テスト予想問題的中！, 日々の出迎え, 努力の結晶 合格実績掲示, 経理精算の基本, 入塾後の未来へ 進路説明会, 提出書類ファイリング, 兄弟紹介, できるまで居残り！","質問対応の基本, 生徒面談の基本, 質問対応の基本, 問合対応の基本, 経理精算の基本, 問合対応の基本, 生徒面談の基本, チラシ折り, 兄弟紹介"
pro,34,29,27,19,10,A+,0,34,29,"機材故障は本部に相談, 締切間近の書類リマインド, 保護者面談, 学力確認＆向上 公開模試, チラシ折り, 苦手発見！質問対応, 経理精算の基本","経理精算の基本, 質問対応の基本, 問合対応の基本, 生徒面談の基本, 問合対応の基本, 事務リーダー1日派遣, 校門前ビラ配り, 質問対応の基本, 生徒面談の基本, 教室清掃"
pro,34,22,40,13,8,A,2,34,20,"未入金家庭へ電話, 入塾手続きのご案内, 入塾後の未来へ 進路説明会, 教室清掃, テレビCM放映, 宿題チェック, 季節のデコレーション, 未入金家庭へ電話","生徒面談の基本, 質問対応の基本, 経理精算の基本, 経理精算の基本, 質問対応の基本, 問合対応の基本, 問合対応の基本, 生徒面談の基本, 提出書類ファイリング, 締切間近の書類リマインド, 休み時間トーク"
pro,49,41,16,15,12,S,0,49,41,"私も載ったよ！成績UP掲示, 友人紹介, 日々の出迎え, チラシ折り, 教室清掃, 今だけ！体験生特典, 学力確認＆向上 公開模試, 未入金家庭へ電話","質問対応の基本, 質問対応の基本, 生徒面談の基本, 生徒面談の基本, 問合対応の基本, 問合対応の基本, 経理精算の基本, 経理精算の基本, 提出書類ファイリング"
pro,68,9,20,23,6,B,0,68,9,"今だけ！体験生特典, 苦手発見！質問対応, 宿題チェック, 苦手発見！質問対応, 友人紹介, チラシ折り, 努力の結晶 合格実績掲示, 機材故障は本部に相談","質問対応の基本, 質問対応の基本, 生徒面談の基本, 生徒面談の基本, 問合対応の基本, 問合対応の基本, 経理精算の基本, 経理精算の基本, 校門前ビラ配り"
pro,50,43,21,23,13,S,0,50,43,"学力確認＆向上 公開模試, 学力確認＆向上 公開模試, 提出書類ファイリング, 笑顔伝わる教室通信, 宿題チェック","質問対応の基本, 質問対応の基本, 経理精算の基本, 生徒面談の基本, 生徒面談の基本, 経理精算の基本, 問合対応の基本, 問合対応の基本, 振込用紙印刷, 季節のデコレーション, 教室清掃, 機材故障は本部に相談"
pro,36,36,31,22,11,A+,0,36,36,"学力確認＆向上 公開模試, 生徒面談の基本, 機材故障は本部に相談, 校門前ビラ配り, 学力確認＆向上 公開模試, 宿題チェック, 私も載ったよ！成績UP掲示, 未入金家庭へ電話","質問対応の基本, 経理精算の基本, 質問対応の基本, 問合対応の基本, 問合対応の基本, 生徒面談の基本, できるまで居残り！, 経理精算の基本, 振込用紙印刷"
pro,35,33,20,18,10,A+,0,35,33,"学力確認＆向上 公開模試, 未入金家庭へ電話, プロジェクター授業, チラシ折り, 未入金家庭へ電話","質問対応の基本, 質問対応の基本, 生徒面談の基本, 生徒面談の基本, 経理精算の基本, 問合対応の基本, 問合対応の基本, 宿題チェック, 経理精算の基本, 季節のデコレーション, 保護者面談, 締切間近の書類リマインド"
pro,42,30,20,28,10,A+,0,42,30,"学力確認＆向上 公開模試, 兄弟紹介, 学力確認＆向上 公開模試, 教室清掃, チラシ折り, 宿題チェック, 機材故障は本部に相談, 未入金家庭へ電話","質問対応の基本, 質問対応の基本, 経理精算の基本, 経理精算の基本, 問合対応の基本, 生徒面談の基本, 問合対応の基本, 生徒面談の基本, 元塾生に講習案内"
pro,42,34,22,16,11,A+,0,42,34,"締切間近の書類リマインド, 振込用紙印刷, 笑顔伝わる教室通信, チラシ折り, 褒めて励ます授業, 入塾後の未来へ 進路説明会, 学力確認＆向上 公開模試, 未入金家庭へ電話","質問対応の基本, 生徒面談の基本, 質問対応の基本, 生徒面談の基本, 経理精算の基本, 経理精算の基本, 問合対応の基本, 問合対応の基本, 進学相談フェア出展"
fresh,46,28,20,9,4,C,6,46,22,"日々の授業, 学力確認＆向上 公開模試, 兄弟紹介, 心を掴む1日見学, 休み時間トーク, 兄弟紹介, 保護者面談, 差し入れ経費精算","経理精算の基本, 経理精算の基本, 生徒面談の基本, 生徒面談の基本, 質問対応の基本, 質問対応の基本, 問合対応の基本, 今だけ！体験生特典, 問合対応の基本"
pro,41,34,29,22,12,S,0,41,34,"チラシ折り, 私も載ったよ！成績UP掲示, 教室清掃, 今だけ！体験生特典, 入塾手続きのご案内, チラシ折り, 学力確認＆向上 公開模試, 入塾手続きのご案内","質問対応の基本, 質問対応の基本, 経理精算の基本, 経理精算の基本, 問合対応の基本, 問合対応の基本, 生徒面談の基本, 生徒面談の基本, 校門前ビラ配り"
pro,39,22,31,28,9,A,0,39,22,"学力確認＆向上 公開模試, できるまで居残り！, 今だけ！体験生特典, できるまで居残り！, 提出書類ファイリング, 入塾手続きのご案内, 校門前ビラ配り, 日々の出迎え","質問対応の基本, 質問対応の基本, 経理精算の基本, 経理精算の基本, 生徒面談の基本, 問合対応の基本, 問合対応の基本, 機材故障は本部に相談, 生徒面談の基本"
pro,48,41,21,16,12,S,0,48,41,"振込用紙印刷, プロジェクター授業, 今だけ！体験生特典, チラシ折り, 機材故障は本部に相談, 未入金家庭へ電話","質問対応の基本, 質問対応の基本, 生徒面談の基本, 生徒面談の基本, 経理精算の基本, 問合対応の基本, 問合対応の基本, 経理精算の基本, 保護者面談, 季節のデコレーション, テスト予想問題的中！"
pro,46,45,15,17,12,S,0,46,45,"今だけ！体験生特典, 備品注文, テスト予想問題的中！, 私も載ったよ！成績UP掲示, 私も載ったよ！成績UP掲示, 学力確認＆向上 公開模試, 振込用紙印刷, 未入金家庭へ電話","質問対応の基本, 質問対応の基本, 経理精算の基本, 問合対応の基本, 経理精算の基本, 問合対応の基本, 生徒面談の基本, 生徒面談の基本, チラシ折り"
pro,37,30,18,21,9,A,0,37,30,"私も載ったよ！成績UP掲示, 私も載ったよ！成績UP掲示, 提出書類ファイリング, 教室清掃, 校門前ビラ配り, プロジェクター授業, 学力確認＆向上 公開模試, 校門前ビラ配り","質問対応の基本, 質問対応の基本, 経理精算の基本, 経理精算の基本, 問合対応の基本, 生徒面談の基本, 問合対応の基本, 生徒面談の基本, 未入金家庭へ電話"
pro,53,36,27,11,7,B+,4,53,32,"入塾手続きのご案内, チラシ折り, プロジェクター授業, 教室清掃, 苦手発見！質問対応, 今だけ！体験生特典, 私も載ったよ！成績UP掲示, 備品注文","質問対応の基本, 生徒面談の基本, 経理精算の基本, 経理精算の基本, 生徒面談の基本, 問合対応の基本, 問合対応の基本, 質問対応の基本, 校門前ビラ配り"
fresh,20,19,23,12,7,A,3,20,16,"プロジェクター授業, 兄弟紹介, 未入金家庭へ電話, 休み時間トーク, 学力確認＆向上 公開模試, 元塾生に講習案内, 苦手発見！質問対応, 機材故障は本部に相談","問合対応の基本, 問合対応の基本, 質問対応の基本, 生徒面談の基本, 経理精算の基本, 生徒面談の基本, 質問対応の基本, ポスティング, 経理精算の基本"
pro,26,18,27,17,8,A,0,26,18,"プロジェクター授業, 教室清掃, 褒めて励ます授業, スタンプ帳キャンペーン, 笑顔伝わる教室通信, 入塾後の未来へ 進路説明会, 進学相談フェア出展, ごほうび差し入れスイーツ, 提出書類ファイリング","生徒面談の基本, 経理精算の基本, 質問対応の基本, 問合対応の基本, 質問対応の基本, 生徒面談の基本, 経理精算の基本, 問合対応の基本, 休み時間トーク"
pro,41,36,33,16,12,S,0,41,36,"チラシ折り, 私も載ったよ！成績UP掲示, 学力確認＆向上 公開模試, 経理精算の基本, 学力確認＆向上 公開模試, 機材故障は本部に相談, 経理精算の基本, 教室清掃","質問対応の基本, 質問対応の基本, 生徒面談の基本, 生徒面談の基本, 問合対応の基本, 問合対応の基本, 校門前ビラ配り, 補習大会, 保護者面談"
pro,41,41,11,19,5,B,4,41,37,"学力確認＆向上 公開模試, 未入金家庭へ電話, 学力確認＆向上 公開模試, 笑顔伝わる教室通信, 生徒面談の基本, 振込用紙印刷, 振込用紙印刷, 入塾手続きのご案内","質問対応の基本, 経理精算の基本, 経理精算の基本, 問合対応の基本, 質問対応の基本, 元塾生に講習案内, 生徒面談の基本, スタンプ帳キャンペーン, 問合対応の基本"
pro,40,34,25,18,12,S,0,40,34,"努力の結晶 合格実績掲示, 入塾後の未来へ 進路説明会, 機材故障は本部に相談, 入塾手続きのご案内","質問対応の基本, 質問対応の基本, 生徒面談の基本, 生徒面談の基本, 経理精算の基本, 経理精算の基本, 問合対応の基本, 問合対応の基本, 保護者面談, 元塾生に講習案内, 季節のデコレーション, 兄弟紹介, 宿題チェック"
pro,36,32,22,15,10,A+,0,36,32,"保護者面談, 振込用紙印刷, できるまで居残り！, 入塾手続きのご案内, 赤字覚悟！？ 大抽選会, 今だけ！体験生特典, 友人紹介, 校門前ビラ配り","質問対応の基本, 生徒面談の基本, 生徒面談の基本, 問合対応の基本, 経理精算の基本, 経理精算の基本, 質問対応の基本, 問合対応の基本, 未入金家庭へ電話"
pro,29,29,30,18,10,A+,0,29,29,"兄弟紹介, 学力確認＆向上 公開模試, テレビCM放映, 校門前ビラ配り, 振込用紙印刷, 保護者面談, テスト予想問題的中！, 未入金家庭へ電話","経理精算の基本, 経理精算の基本, 生徒面談の基本, 生徒面談の基本, 質問対応の基本, 問合対応の基本, 質問対応の基本, 問合対応の基本, できるまで居残り！"
pro,48,23,23,12,5,B,3,48,20,"兄弟紹介, チラシ折り, 学力確認＆向上 公開模試, 入塾後の未来へ 進路説明会, 日々の出迎え, 締切間近の書類リマインド, 入塾手続きのご案内","経理精算の基本, 経理精算の基本, 質問対応の基本, 質問対応の基本, 補習大会, 問合対応の基本, 元塾生に講習案内, 生徒面談の基本, 問合対応の基本, 生徒面談の基本"
pro,32,26,28,18,10,A+,0,32,26,"振込用紙印刷, 備品注文, 校門前ビラ配り, テスト予想問題的中！, できるまで居残り！, 今だけ！体験生特典, プロジェクター授業, 私も載ったよ！成績UP掲示","質問対応の基本, 質問対応の基本, 生徒面談の基本, 生徒面談の基本, 経理精算の基本, 経理精算の基本, 機材故障は本部に相談, 問合対応の基本, 問合対応の基本"
pro,44,36,36,16,13,S,0,44,36,"季節のデコレーション, 今だけ！体験生特典, 日々の出迎え, 学力確認＆向上 公開模試, 教室清掃","質問対応の基本, 質問対応の基本, 生徒面談の基本, 生徒面談の基本, 経理精算の基本, 問合対応の基本, 元塾生に講習案内, 経理精算の基本, 元塾生に講習案内, 問合対応の基本, 締切間近の書類リマインド, テスト予想問題的中！"
pro,41,37,27,15,12,S,0,41,37,"学力確認＆向上 公開模試, 締切間近の書類リマインド, 入塾手続きのご案内","質問対応の基本, 経理精算の基本, 経理精算の基本, 質問対応の基本, 備品注文, 問合対応の基本, 生徒面談の基本, 問合対応の基本, 生徒面談の基本, 努力の結晶 合格実績掲示, 保護者面談, 宿題チェック, 友人紹介, 友人紹介"
pro,34,22,24,15,8,A,0,34,22,"補習大会, 元塾生に講習案内, 経理精算の基本, 未入金家庭へ電話, テスト予想問題的中！, 学力確認＆向上 公開模試, 進学相談フェア出展, 休み時間トーク, 笑顔伝わる教室通信","質問対応の基本, 質問対応の基本, 生徒面談の基本, 生徒面談の基本, 問合対応の基本, 問合対応の基本, 経理精算の基本, 保護者面談, 卒業生からの手紙"
pro,32,29,35,11,4,C,4,32,25,"締切間近の書類リマインド, 学力確認＆向上 公開模試, 問合対応の基本, 元塾生に講習案内, 保護者面談, テスト予想問題的中！, テスト予想問題的中！, 未入金家庭へ電話","質問対応の基本, 経理精算の基本, 経理精算の基本, 生徒面談の基本, 質問対応の基本, 問合対応の基本, 生徒面談の基本, テレビCM放映, 校門前ビラ配り"
pro,40,30,37,14,11,A+,1,40,29,"入塾後の未来へ 進路説明会, 学力確認＆向上 公開模試, チラシ折り, 締切間近の書類リマインド, 締切間近の書類リマインド","質問対応の基本, 経理精算の基本, 生徒面談の基本, 経理精算の基本, 問合対応の基本, 問合対応の基本, 質問対応の基本, 元塾生に講習案内, 生徒面談の基本, 校門前ビラ配り, 私も載ったよ！成績UP掲示, 笑顔伝わる教室通信"
fresh,16,16,16,14,8.4,S,1,16,15,"締切間近の書類リマインド, 褒めて励ます授業, スタンプ帳キャンペーン, プロジェクター授業, 事務リーダー1日派遣, 友人紹介, 補習大会, 質問対応の基本","校門前ビラ配り, 問合対応の基本, 経理精算の基本, 問合対応の基本, 生徒面談の基本, 質問対応の基本, 経理精算の基本, 生徒面談の基本, ポスティング"
fresh,23,23,22,15,9.2,S+,0,23,23,"テレビCM放映, 心を掴む1日見学, 兄弟紹介, 兄弟紹介, 休み時間トーク, 日々の授業, できるまで居残り！, 振込用紙印刷","生徒面談の基本, 質問対応の基本, 経理精算の基本, 問合対応の基本, 質問対応の基本, 生徒面談の基本, 経理精算の基本, 事務リーダー1日派遣, 問合対応の基本"
pro,25,25,17,12,4,C,3,25,22,"卒業生からの手紙, 笑顔伝わる教室通信, 兄弟紹介, プロジェクター授業, 休み時間トーク, 経理精算の基本, 宿題チェック, 締切間近の書類リマインド","生徒面談の基本, 質問対応の基本, 質問対応の基本, 生徒面談の基本, 経理精算の基本, 問合対応の基本, 問合対応の基本, 元塾生に講習案内, 季節のデコレーション, ごほうび差し入れスイーツ"
pro,24,24,39,16,9,A,0,24,24,"経理精算の基本, 日々の授業, 笑顔伝わる教室通信, 経理精算の基本, 入塾後の未来へ 進路説明会, 笑顔伝わる教室通信, 締切間近の書類リマインド","生徒面談の基本, 質問対応の基本, 問合対応の基本, 質問対応の基本, 生徒面談の基本, 問合対応の基本, 校門前ビラ配り, 学力確認＆向上 公開模試, 保護者面談, 補習大会"
pro,42,26,28,13,8,A,2,42,24,"入塾手続きのご案内, 今だけ！体験生特典, 未入金家庭へ電話, 保護者面談, プロジェクター授業, チラシ折り, 校門前ビラ配り, 教室清掃","質問対応の基本, 経理精算の基本, 経理精算の基本, 質問対応の基本, 問合対応の基本, 問合対応の基本, 生徒面談の基本, 生徒面談の基本, 苦手発見！質問対応"
pro,31,17,33,22,7,B+,0,31,17,"できるまで居残り！, チラシ折り, 締切間近の書類リマインド, 入塾後の未来へ 進路説明会, 学力確認＆向上 公開模試, 未入金家庭へ電話","質問対応の基本, 経理精算の基本, 生徒面談の基本, 生徒面談の基本, 質問対応の基本, 問合対応の基本, 経理精算の基本, 問合対応の基本, 保護者面談, 日々の出迎え, 締切間近の書類リマインド"
pro,45,39,29,15,12,S,0,45,39,"学力確認＆向上 公開模試, 入塾手続きのご案内, 学力確認＆向上 公開模試, 機材故障は本部に相談","経理精算の基本, 質問対応の基本, 生徒面談の基本, 問合対応の基本, 問合対応の基本, 生徒面談の基本, 保護者面談, 質問対応の基本, 経理精算の基本, 元塾生に講習案内, 締切間近の書類リマインド, 入塾手続きのご案内, 日々の出迎え"
pro,40,35,23,16,11,A+,0,40,35,"褒めて励ます授業, 入塾手続きのご案内, チラシ折り, 未入金家庭へ電話, 私も載ったよ！成績UP掲示, プロジェクター授業, 学力確認＆向上 公開模試, 経理精算の基本","生徒面談の基本, 生徒面談の基本, 質問対応の基本, 質問対応の基本, 問合対応の基本, 保護者説明会, 問合対応の基本, 保護者面談, 経理精算の基本"
pro,50,44,18,14,12,S,1,50,43,"未入金家庭へ電話, 入塾手続きのご案内, 学力確認＆向上 公開模試, 未入金家庭へ電話","経理精算の基本, 経理精算の基本, 質問対応の基本, 質問対応の基本, 生徒面談の基本, 問合対応の基本, 問合対応の基本, 生徒面談の基本, 校門前ビラ配り, 季節のデコレーション, 振込用紙印刷, 保護者面談, 学力確認＆向上 公開模試"
pro,52,39,27,16,13,S,0,52,39,"宿題チェック, 私も載ったよ！成績UP掲示, 締切間近の書類リマインド, 今だけ！体験生特典, 学力確認＆向上 公開模試, 未入金家庭へ電話","質問対応の基本, 質問対応の基本, 経理精算の基本, 経理精算の基本, 問合対応の基本, 問合対応の基本, 生徒面談の基本, 生徒面談の基本, 校門前ビラ配り, 締切間近の書類リマインド, 日々の出迎え"
pro,44,33,24,18,11,A+,0,44,33,"締切間近の書類リマインド, 学力確認＆向上 公開模試, 補習大会, 兄弟紹介, 今だけ！体験生特典, 提出書類ファイリング, 保護者面談, 経理精算の基本","質問対応の基本, 質問対応の基本, 生徒面談の基本, 経理精算の基本, 問合対応の基本, 問合対応の基本, スタンプ帳キャンペーン, 元塾生に講習案内, 生徒面談の基本"
pro,45,35,21,17,11,A+,0,45,35,"機材故障は本部に相談, 提出書類ファイリング, 教室清掃, 機材故障は本部に相談, 校門前ビラ配り, 今だけ！体験生特典, 学力確認＆向上 公開模試, 入塾手続きのご案内","経理精算の基本, 経理精算の基本, 質問対応の基本, 問合対応の基本, 質問対応の基本, 問合対応の基本, 生徒面談の基本, 元塾生に講習案内, 生徒面談の基本"
fresh,16,14,28,17,8.3,S,0,16,14,"褒めて励ます授業, プロジェクター授業, 教室清掃, 友人紹介, 備品注文, スタンプ帳キャンペーン, 締切間近の書類リマインド, 備品注文","経理精算の基本, 質問対応の基本, 生徒面談の基本, 生徒面談の基本, 問合対応の基本, 問合対応の基本, 質問対応の基本, 経理精算の基本, 事務リーダー1日派遣"
pro,30,30,27,11,4,C,4,30,26,"締切間近の書類リマインド, 補習大会, 保護者面談, 宿題チェック, 進学相談フェア出展, 今だけ！体験生特典, プロジェクター授業, 友人紹介, 休み時間トーク","生徒面談の基本, 問合対応の基本, 質問対応の基本, 質問対応の基本, 経理精算の基本, 経理精算の基本, 生徒面談の基本, 問合対応の基本, 補習大会"
pro,51,31,17,20,11,A+,0,51,31,"テスト予想問題的中！, 経理精算の基本, チラシ折り, プロジェクター授業, 季節のデコレーション, 設問の急所は？教材研究, 機材故障は本部に相談, 経理精算の基本","質問対応の基本, 質問対応の基本, 生徒面談の基本, 生徒面談の基本, 問合対応の基本, 問合対応の基本, チラシ折り, 元塾生に講習案内, 今だけ！体験生特典"
fresh,46,15,26,11,3,D,4,46,11,"機材故障は本部に相談, 備品注文, 私も載ったよ！成績UP掲示, 日々の出迎え, 赤字覚悟！？ 大抽選会, 学力確認＆向上 公開模試, できるまで居残り！, 質問対応の基本","経理精算の基本, 質問対応の基本, 生徒面談の基本, 問合対応の基本, 問合対応の基本, 生徒面談の基本, ポスティング, 保護者説明会, 経理精算の基本"
pro,39,39,22,23,10,A+,0,39,39,"入塾後の未来へ 進路説明会, 日々の授業, 校門前ビラ配り, 今だけ！体験生特典, 提出書類ファイリング, できるまで居残り！, 入塾手続きのご案内","質問対応の基本, 質問対応の基本, 問合対応の基本, 生徒面談の基本, 経理精算の基本, 問合対応の基本, 生徒面談の基本, 経理精算の基本, 季節のデコレーション, 教室清掃"
fresh,31,26,28,12,7,A,3,31,23,"日々の授業, 質問対応の基本, 備品注文, 心を掴む1日見学, 入塾後の未来へ 進路説明会, テレビCM放映, 苦手発見！質問対応, 友人紹介","経理精算の基本, 経理精算の基本, 生徒面談の基本, 生徒面談の基本, 問合対応の基本, 問合対応の基本, 質問対応の基本, 教室清掃, 校門前ビラ配り"
fresh,41,16,18,11,4,C,4,41,12,"学力確認＆向上 公開模試, 機材故障は本部に相談, 日々の授業, 締切間近の書類リマインド, 元塾生に講習案内, 努力の結晶 合格実績掲示, ここが出る！テスト対策, 笑顔伝わるお便り配布","生徒面談の基本, 生徒面談の基本, 問合対応の基本, 質問対応の基本, 質問対応の基本, 経理精算の基本, 経理精算の基本, 問合対応の基本, ポスティング"
fresh,14,14,27,15,8.2,S,0,14,14,"できるまで居残り！, 元塾生に講習案内, 提出書類チェック, 学力確認＆向上 公開模試, 教室清掃, 入塾後の未来へ 進路説明会, 休み時間トーク, 経理精算の基本","問合対応の基本, 質問対応の基本, 問合対応の基本, 質問対応の基本, 経理精算の基本, 生徒面談の基本, できるまで居残り！, 生徒面談の基本, スタンプ帳キャンペーン"
fresh,39,22,18,24,9.3,S+,0,39,22,"ポスティング, 休み時間トーク, 兄弟紹介, 苦手発見！質問対応, 生徒面談の基本, 学力確認＆向上 公開模試, 笑顔伝わるお便り配布, 差し入れ経費精算","質問対応の基本, 質問対応の基本, 経理精算の基本, 経理精算の基本, 問合対応の基本, 問合対応の基本, 元塾生に講習案内, 生徒面談の基本, 今だけ！体験生特典"
fresh,30,29,20,15,9.9,S+,0,30,29,"友人紹介, 振込用紙印刷, 学力確認＆向上 公開模試, できるまで居残り！, 振込用紙印刷, 入塾後の未来へ 進路説明会, 友人紹介, 差し入れ経費精算","質問対応の基本, 質問対応の基本, 経理精算の基本, 経理精算の基本, 生徒面談の基本, 生徒面談の基本, 問合対応の基本, 保護者面談, 問合対応の基本"
fresh,45,32,23,9,4,C,6,45,26,"未入金家庭へ電話, 差し入れ経費精算, ここが出る！テスト対策, 学力確認＆向上 公開模試, 校門前ビラ配り, 学力確認＆向上 公開模試, 友人紹介, 休み時間トーク","質問対応の基本, 質問対応の基本, 経理精算の基本, 経理精算の基本, 生徒面談の基本, 生徒面談の基本, 問合対応の基本, 問合対応の基本, 校門前ビラ配り"
fresh,43,25,16,4,4,C,11,43,14,"学力確認＆向上 公開模試, 未入金家庭へ電話, 笑顔伝わるお便り配布, 友人紹介, 休み時間トーク, 学力確認＆向上 公開模試, 友人紹介, 経理精算の基本","質問対応の基本, 質問対応の基本, 経理精算の基本, 問合対応の基本, 生徒面談の基本, 生徒面談の基本, 問合対応の基本, 保護者面談, 保護者面談"
fresh,39,29,18,17,9.9,S+,0,39,29,"振込用紙印刷, 学力確認＆向上 公開模試, 校門前ビラ配り, 友人紹介, 教室清掃, 友人紹介, 学力確認＆向上 公開模試, 保護者面談","質問対応の基本, 質問対応の基本, 生徒面談の基本, 生徒面談の基本, 経理精算の基本, 経理精算の基本, 問合対応の基本, 差し入れ経費精算, 問合対応の基本"
fresh,36,27,14,16,9.7,S+,1,36,26,"備品注文, 苦手発見！質問対応, 日々の出迎え, プロジェクター授業, 兄弟紹介, テレビCM放映, 兄弟紹介, 元塾生に講習案内","質問対応の基本, 経理精算の基本, 問合対応の基本, 問合対応の基本, 生徒面談の基本, 質問対応の基本, 生徒面談の基本, 経理精算の基本, 差し入れ経費精算"
fresh,45,25,13,11,4,C,6,45,19,"未入金家庭へ電話, 褒めて励ます授業, 学力確認＆向上 公開模試, 兄弟紹介, 生徒面談の基本, 学力確認＆向上 公開模試, 経理精算の基本, 差し入れ経費精算","質問対応の基本, 問合対応の基本, 問合対応の基本, 経理精算の基本, 生徒面談の基本, 元塾生に講習案内, 質問対応の基本, 校門前ビラ配り, 友人紹介"
fresh,29,24,14,15,9.4,S+,1,29,23,"生徒面談の基本, 備品注文, 振込用紙印刷, 心を掴む1日見学, プロジェクター授業, 笑顔伝わるお便り配布, 学力確認＆向上 公開模試, 生徒面談の基本","問合対応の基本, 質問対応の基本, 問合対応の基本, 経理精算の基本, 経理精算の基本, 元塾生に講習案内, 兄弟紹介, 質問対応の基本, 差し入れ経費精算"
fresh,33,21,17,14,9.2,S+,1,33,20,"ここが出る！テスト対策, 差し入れ経費精算, 締切間近の書類リマインド, プロジェクター授業, 校門前ビラ配り, 努力の結晶 合格実績掲示, 振込用紙印刷, 教室清掃","質問対応の基本, 質問対応の基本, 経理精算の基本, 生徒面談の基本, 問合対応の基本, 生徒面談の基本, 問合対応の基本, 元塾生に講習案内, 経理精算の基本"
fresh,35,19,19,15,9.1,S+,0,35,19,"備品注文, 努力の結晶 合格実績掲示, 宿題チェック, 友人紹介, 兄弟紹介, 今だけ！体験生特典, 兄弟紹介, 提出書類チェック","経理精算の基本, 経理精算の基本, 質問対応の基本, 質問対応の基本, 生徒面談の基本, 問合対応の基本, 問合対応の基本, 私も載ったよ！成績UP掲示, 生徒面談の基本"
fresh,17,17,18,18,8.6,S,0,17,17,"努力の結晶 合格実績掲示, 保護者面談, 日々の出迎え, プロジェクター授業, 問合対応の基本, 兄弟紹介, 苦手発見！質問対応, 教室清掃","生徒面談の基本, 生徒面談の基本, 経理精算の基本, 経理精算の基本, 質問対応の基本, 質問対応の基本, 未入金家庭へ電話, 宿題チェック, 問合対応の基本"
fresh,33,19,17,15,9.1,S+,0,33,19,"生徒面談の基本, ここが出る！テスト対策, テレビCM放映, 兄弟紹介, 保護者面談, 苦手発見！質問対応, 宿題チェック, 努力の結晶 合格実績掲示","質問対応の基本, 経理精算の基本, 経理精算の基本, 問合対応の基本, 質問対応の基本, 未入金家庭へ電話, 問合対応の基本, 元塾生に講習案内, 生徒面談の基本"
fresh,42,27,15,15,9.8,S+,0,42,27,"差し入れ経費精算, 友人紹介, 生徒面談の基本, 兄弟紹介, 日々の授業, 学力確認＆向上 公開模試, 学力確認＆向上 公開模試, 未入金家庭へ電話","質問対応の基本, 質問対応の基本, 経理精算の基本, 経理精算の基本, 備品注文, 問合対応の基本, 問合対応の基本, 生徒面談の基本, 校門前ビラ配り"
pro,37,19,38,15,9,A,0,37,19,"補習大会, 学力確認＆向上 公開模試, 提出書類ファイリング, 備品注文, テレビCM放映, テスト予想問題的中！, 兄弟紹介","質問対応の基本, 質問対応の基本, 経理精算の基本, 問合対応の基本, 生徒面談の基本, 生徒面談の基本, 問合対応の基本, 経理精算の基本, 校門前ビラ配り, 締切間近の書類リマインド"
pro,25,25,25,19,9,A,0,25,25,"設問の急所は？教材研究, 締切間近の書類リマインド, ごほうび差し入れスイーツ, ごほうび差し入れスイーツ, 日々の出迎え, 学力確認＆向上 公開模試, 卒業生からの手紙, できるまで居残り！","質問対応の基本, 質問対応の基本, 生徒面談の基本, 生徒面談の基本, 問合対応の基本, 問合対応の基本, 経理精算の基本, 経理精算の基本, 提出書類ファイリング, 元塾生に講習案内"
pro,31,31,17,22,9,A,0,31,31,"教室清掃, テスト予想問題的中！, 学力確認＆向上 公開模試, 元塾生に講習案内, 学力確認＆向上 公開模試, ごほうび差し入れスイーツ, 苦手発見！質問対応, 休み時間トーク, テスト予想問題的中！, 提出書類ファイリング, 設問の急所は？教材研究, 機材故障は本部に相談","質問対応の基本, 質問対応の基本, 生徒面談の基本, 生徒面談の基本, 経理精算の基本, 問合対応の基本, 経理精算の基本, 問合対応の基本, 人気の秘密は？他塾研究"
pro,38,26,27,25,10,A+,0,38,26,"保護者説明会, 宿題チェック, 私も載ったよ！成績UP掲示, 締切間近の書類リマインド, 苦手発見！質問対応, 保護者説明会, 提出書類ファイリング, 学力確認＆向上 公開模試, 卒業生からの手紙, 保護者面談","質問対応の基本, 質問対応の基本, 生徒面談の基本, 生徒面談の基本, 問合対応の基本, 問合対応の基本, 経理精算の基本, 経理精算の基本, 機材故障は本部に相談"
fresh,24,13,26,20,8.4,S,0,24,13,"心を掴む1日見学, プロジェクター授業, 教室清掃, できるまで居残り！, 提出書類チェック, テレビCM放映, 振込用紙印刷, 締切間近の書類リマインド","質問対応の基本, 質問対応の基本, 経理精算の基本, 経理精算の基本, 生徒面談の基本, 問合対応の基本, 問合対応の基本, 生徒面談の基本, 休み時間トーク"
fresh,45,24,21,9,4,C,6,45,18,"笑顔伝わるお便り配布, 経理精算の基本, 差し入れ経費精算, 教室清掃, 校門前ビラ配り, 学力確認＆向上 公開模試, 宿題チェック, 差し入れ経費精算","質問対応の基本, 質問対応の基本, 問合対応の基本, 問合対応の基本, 生徒面談の基本, 経理精算の基本, 元塾生に講習案内, 努力の結晶 合格実績掲示, 生徒面談の基本"
fresh,29,17,17,23,8.9,S,0,29,17,"振込用紙印刷, 学力確認＆向上 公開模試, 教室清掃, できるまで居残り！, 備品注文, 学力確認＆向上 公開模試, 締切間近の書類リマインド, 差し入れ経費精算","経理精算の基本, 経理精算の基本, 生徒面談の基本, 質問対応の基本, 問合対応の基本, 問合対応の基本, 質問対応の基本, ポスティング, 生徒面談の基本"
fresh,26,21,18,16,9.1,S+,0,26,21,"提出書類チェック, 努力の結晶 合格実績掲示, 友人紹介, 機材故障は本部に相談, 教室清掃, 学力確認＆向上 公開模試, 日々の授業, 元塾生に講習案内","問合対応の基本, 問合対応の基本, 経理精算の基本, 生徒面談の基本, 質問対応の基本, 質問対応の基本, 生徒面談の基本, 笑顔伝わるお便り配布, 経理精算の基本"
fresh,41,18,17,15,9,S+,0,41,18,"努力の結晶 合格実績掲示, 質問対応の基本, 未入金家庭へ電話, 兄弟紹介, 締切間近の書類リマインド, 学力確認＆向上 公開模試, 苦手発見！質問対応, 宿題チェック","問合対応の基本, 質問対応の基本, 経理精算の基本, 経理精算の基本, 問合対応の基本, 生徒面談の基本, 元塾生に講習案内, 備品注文, 生徒面談の基本"
fresh,26,18,20,15,8.9,S,0,26,18,"日々の授業, 差し入れ経費精算, 未入金家庭へ電話, 努力の結晶 合格実績掲示, 今だけ！体験生特典, ここが出る！テスト対策, 経理精算の基本, 経理精算の基本","質問対応の基本, 質問対応の基本, 生徒面談の基本, 生徒面談の基本, 休み時間トーク, 問合対応の基本, 問合対応の基本, ポスティング, 教室清掃"
fresh,19,19,27,15,8.8,S,0,19,19,"経理精算の基本, 締切間近の書類リマインド, 学力確認＆向上 公開模試, 褒めて励ます授業, 学力確認＆向上 公開模試, 友人紹介, ここが出る！テスト対策, 備品注文","問合対応の基本, 質問対応の基本, 質問対応の基本, 問合対応の基本, ポスティング, 経理精算の基本, 生徒面談の基本, 生徒面談の基本, 私も載ったよ！成績UP掲示"
fresh,30,24,19,18,9.5,S+,0,30,24,"プロジェクター授業, 友人紹介, 兄弟紹介, 経理精算の基本, 休み時間トーク, 提出書類チェック, 経理精算の基本, 教室清掃","生徒面談の基本, 生徒面談の基本, 問合対応の基本, 質問対応の基本, 問合対応の基本, 日々の出迎え, 質問対応の基本, スタンプ帳キャンペーン, 努力の結晶 合格実績掲示"
fresh,33,21,15,28,9.3,S+,0,33,21,"休み時間トーク, 学力確認＆向上 公開模試, ここが出る！テスト対策, 校門前ビラ配り, 補習大会, 学力確認＆向上 公開模試, 振込用紙印刷, 差し入れ経費精算","問合対応の基本, 質問対応の基本, 経理精算の基本, 経理精算の基本, 問合対応の基本, 質問対応の基本, 生徒面談の基本, 生徒面談の基本, 未入金家庭へ電話"
pro,37,33,30,13,8,A,2,37,31,"日々の出迎え, 未入金家庭へ電話, 入塾手続きのご案内, プロジェクター授業, 季節のデコレーション, 進学相談フェア出展, チラシ折り, 友人紹介, 兄弟紹介","質問対応の基本, 質問対応の基本, 問合対応の基本, 生徒面談の基本, 経理精算の基本, 生徒面談の基本, 問合対応の基本, 経理精算の基本, 元塾生に講習案内, ごほうび差し入れスイーツ, 季節のデコレーション, 卒業生からの手紙"
fresh,28,26,16,24,9.6,S+,0,28,26,"兄弟紹介, 提出書類チェック, 保護者面談, 学力確認＆向上 公開模試, 差し入れ経費精算, 学力確認＆向上 公開模試, ここが出る！テスト対策, 差し入れ経費精算","問合対応の基本, 問合対応の基本, 経理精算の基本, 経理精算の基本, 質問対応の基本, 生徒面談の基本, 生徒面談の基本, 日々の出迎え, 質問対応の基本"
fresh,17,17,21,27,8.6,S,0,17,17,"テレビCM放映, 日々の授業, 休み時間トーク, 補習大会, 補習大会, 友人紹介, プロジェクター授業, 差し入れ経費精算","経理精算の基本, 経理精算の基本, 問合対応の基本, 質問対応の基本, 生徒面談の基本, 生徒面談の基本, 提出書類チェック"
fresh,24,21,16,27,9.1,S+,0,24,21,"私も載ったよ！成績UP掲示, プロジェクター授業, 休み時間トーク, 休み時間トーク, 問合対応の基本, 心を掴む1日見学, 努力の結晶 合格実績掲示, できるまで居残り！","生徒面談の基本, 質問対応の基本, 経理精算の基本, 経理精算の基本, 提出書類チェック, 生徒面談の基本, 質問対応の基本, 問合対応の基本, 未入金家庭へ電話"
fresh,26,21,20,12,7,A,3,26,18,"経理精算の基本, 振込用紙印刷, 努力の結晶 合格実績掲示, 教室清掃, 問合対応の基本, 兄弟紹介, ここが出る！テスト対策, ポスティング","質問対応の基本, 質問対応の基本, 生徒面談の基本, 生徒面談の基本, 問合対応の基本, 休み時間トーク, 経理精算の基本, 笑顔伝わるお便り配布, 入塾後の未来へ 進路説明会"
fresh,33,12,18,17,8.5,S,0,33,12,"学力確認＆向上 公開模試, 締切間近の書類リマインド, ここが出る！テスト対策, 校門前ビラ配り, 保護者面談, 友人紹介, 締切間近の書類リマインド, 備品注文","質問対応の基本, 経理精算の基本, 質問対応の基本, 経理精算の基本, 問合対応の基本, 生徒面談の基本, 今だけ！体験生特典, 生徒面談の基本, 問合対応の基本"
fresh,12,11,19,18,7,A,0,12,11,"補習大会, 休み時間トーク, プロジェクター授業, ここが出る！テスト対策, 笑顔伝わるお便り配布, ポスティング, プロジェクター授業, 問合対応の基本","質問対応の基本, 経理精算の基本, 経理精算の基本, 質問対応の基本, 備品注文, 問合対応の基本, 生徒面談の基本, 未入金家庭へ電話, 生徒面談の基本"
fresh,31,31,19,10,4,C,5,31,26,"締切間近の書類リマインド, 元塾生に講習案内, 兄弟紹介, 校門前ビラ配り, 友人紹介, プロジェクター授業, 振込用紙印刷, 教室清掃","質問対応の基本, 経理精算の基本, 質問対応の基本, 経理精算の基本, 問合対応の基本, 問合対応の基本, 生徒面談の基本, 生徒面談の基本, テレビCM放映"
fresh,28,22,18,20,9.3,S+,0,28,22,"兄弟紹介, プロジェクター授業, 兄弟紹介, 休み時間トーク, 経理精算の基本, 学力確認＆向上 公開模試, 機材故障は本部に相談, 締切間近の書類リマインド","質問対応の基本, 質問対応の基本, 生徒面談の基本, 生徒面談の基本, 問合対応の基本, 問合対応の基本, ポスティング, ポスティング, 経理精算の基本"
fresh,36,25,21,17,9.6,S+,0,36,25,"元塾生に講習案内, 備品注文, 締切間近の書類リマインド, 兄弟紹介, 褒めて励ます授業, 学力確認＆向上 公開模試, 苦手発見！質問対応, 差し入れ経費精算","質問対応の基本, 質問対応の基本, 経理精算の基本, 経理精算の基本, 問合対応の基本, 生徒面談の基本, 問合対応の基本, 生徒面談の基本, 入塾後の未来へ 進路説明会"
fresh,22,22,25,16,9.1,S+,0,22,22,"褒めて励ます授業, 経理精算の基本, 締切間近の書類リマインド, 未入金家庭へ電話, 心を掴む1日見学, 入塾後の未来へ 進路説明会, 経理精算の基本, 未入金家庭へ電話","生徒面談の基本, 質問対応の基本, 生徒面談の基本, 保護者面談, 質問対応の基本, 問合対応の基本, 休み時間トーク, 問合対応の基本, 入塾後の未来へ 進路説明会"
fresh,35,11,16,16,7,A,0,35,11,"機材故障は本部に相談, 締切間近の書類リマインド, ここが出る！テスト対策, 苦手発見！質問対応, 校門前ビラ配り, 努力の結晶 合格実績掲示, 学力確認＆向上 公開模試, 経理精算の基本","生徒面談の基本, 質問対応の基本, 生徒面談の基本, 質問対応の基本, 日々の出迎え, 経理精算の基本, 休み時間トーク, 問合対応の基本, 問合対応の基本"
fresh,24,23,17,13,7,A,2,24,21,"機材故障は本部に相談, プロジェクター授業, ポスティング, 兄弟紹介, プロジェクター授業, 経理精算の基本, 笑顔伝わるお便り配布, 教室清掃","問合対応の基本, 問合対応の基本, 質問対応の基本, 生徒面談の基本, 生徒面談の基本, 質問対応の基本, 経理精算の基本, 休み時間トーク, 元塾生に講習案内"
fresh,24,17,12,19,7,A,3,24,14,"ポスティング, 笑顔伝わるお便り配布, 心を掴む1日見学, 友人紹介, プロジェクター授業, 兄弟紹介, 生徒面談の基本, 備品注文","質問対応の基本, 質問対応の基本, 問合対応の基本, 経理精算の基本, 生徒面談の基本, 経理精算の基本, 宿題チェック, プロジェクター授業, 問合対応の基本"
fresh,31,25,22,16,9.6,S+,0,31,25,"締切間近の書類リマインド, 教室清掃, 兄弟紹介, 入塾後の未来へ 進路説明会, ポスティング, 学力確認＆向上 公開模試, 経理精算の基本, 経理精算の基本","生徒面談の基本, 問合対応の基本, 生徒面談の基本, 質問対応の基本, 問合対応の基本, 日々の出迎え, 保護者面談, 質問対応の基本, 教室清掃"
fresh,28,28,16,15,9.8,S+,0,28,28,"教室清掃, 保護者説明会, 苦手発見！質問対応, 経理精算の基本, 提出書類チェック, 努力の結晶 合格実績掲示, プロジェクター授業, 機材故障は本部に相談","生徒面談の基本, 質問対応の基本, 問合対応の基本, 問合対応の基本, 経理精算の基本, 生徒面談の基本, 質問対応の基本, 休み時間トーク, 校門前ビラ配り"
fresh,39,28,18,8,4,C,7,39,21,"兄弟紹介, 校門前ビラ配り, 経理精算の基本, 機材故障は本部に相談, 休み時間トーク, 学力確認＆向上 公開模試, 苦手発見！質問対応, 経理精算の基本","問合対応の基本, 問合対応の基本, 質問対応の基本, 質問対応の基本, 生徒面談の基本, 補習大会, ポスティング, 努力の結晶 合格実績掲示, 生徒面談の基本"
fresh,30,20,18,23,9.2,S+,0,30,20,"できるまで居残り！, 学力確認＆向上 公開模試, 苦手発見！質問対応, 経理精算の基本, 保護者面談, 兄弟紹介, 褒めて励ます授業, 未入金家庭へ電話","生徒面談の基本, 生徒面談の基本, 経理精算の基本, 質問対応の基本, 問合対応の基本, 質問対応の基本, 休み時間トーク, 問合対応の基本, 努力の結晶 合格実績掲示"
fresh,26,23,18,15,9.3,S+,0,26,23,"差し入れ経費精算, 振込用紙印刷, 保護者面談, 質問対応の基本, プロジェクター授業, テレビCM放映, ここが出る！テスト対策, 教室清掃","生徒面談の基本, 問合対応の基本, 質問対応の基本, 経理精算の基本, 問合対応の基本, 元塾生に講習案内, 生徒面談の基本, 経理精算の基本, 機材故障は本部に相談"
fresh,26,26,21,17,9.6,S+,0,26,26,"備品注文, 保護者説明会, 保護者説明会, 締切間近の書類リマインド, 経理精算の基本, 学力確認＆向上 公開模試, ここが出る！テスト対策, 宿題チェック","経理精算の基本, 生徒面談の基本, 問合対応の基本, 問合対応の基本, 生徒面談の基本, 休み時間トーク, 質問対応の基本, 質問対応の基本, 入塾後の未来へ 進路説明会"
fresh,23,18,24,17,8.8,S,0,23,18,"差し入れ経費精算, 兄弟紹介, プロジェクター授業, 備品注文, 校門前ビラ配り, 今だけ！体験生特典, 経理精算の基本, 機材故障は本部に相談","問合対応の基本, 経理精算の基本, 質問対応の基本, 質問対応の基本, 生徒面談の基本, 生徒面談の基本, 問合対応の基本, 笑顔伝わるお便り配布, 褒めて励ます授業"